Id,Prediction
28718053,0
88066133,1
50200005,0
155325342,1
124413202,1
18340942,0
54436174,0
104680870,1
78075160,0
120475773,1
130435056,1
102952315,1
50719328,1
24500458,0
145973760,1
29185419,0
141441754,1
103261926,1
99259376,1
141822936,1
106086646,1
35942800,1
96691200,1
90213560,0
91534854,1
87273558,1
44905994,1
109201122,1
60245599,1
131808740,1
86686107,1
37350356,0
14626815,0
37521114,1
70860850,1
133824752,1
154613384,1
14549320,0
20123957,0
94541935,1
55688595,1
8737532,0
27190922,0
109799994,1
35676064,0
33157799,0
106822258,1
78912434,1
89905028,1
35269550,0
83427010,1
96685576,1
55453968,1
74698119,1
49460997,1
88973938,1
50942871,0
93058189,0
26937611,0
124319561,1
23159604,0
20468796,0
124506093,1
17848626,1
8619792,0
153280353,1
91011721,1
96059540,1
69578594,0
18260374,0
104005392,1
67047208,0
78849504,1
57283957,1
117183733,1
87195765,1
104585045,1
151847153,1
124434282,1
36710764,1
75254821,1
86747039,1
130814696,1
18278802,1
78847972,1
54200378,1
130816456,1
26572725,1
44868153,0
82511563,0
72672759,1
39630338,1
43275829,0
100827375,1
137027610,1
30832264,0
19563612,0
88164797,1
33304345,0
89795079,1
118097538,1
37912697,1
144519767,1
76724108,1
32885235,0
70884547,1
99144504,1
111189948,1
26001685,1
49961038,0
112981722,1
132333250,1
139644488,1
37176822,0
42144009,1
124898350,1
22675579,0
81812378,1
85487255,1
81550447,1
91833690,1
18929177,0
22184003,1
17980871,1
72614453,1
90141215,0
68732091,0
125389378,1
52055894,1
137563398,1
76661942,1
40889148,1
62042406,1
127014545,1
1069651,0
33438244,0
18857810,1
74879879,0
73145379,1
55306712,0
56058709,1
83348168,1
89651531,1
57840590,0
94675170,0
34467409,1
139587619,1
88174991,1
130998482,1
156507084,1
114685008,1
85943849,1
50992694,1
57856705,0
46321000,1
73865180,0
51244610,0
32967614,0
83481607,1
128537201,1
99356505,0
116582512,1
35719269,0
99708969,1
111900017,1
107968540,1
35617100,1
18756494,1
15585056,0
91556367,1
21657927,0
16527570,1
20800400,0
132864381,1
49541458,0
25379594,0
132909202,1
59464840,0
88619868,1
57052576,0
45307078,1
15359177,0
158808076,1
15051218,1
103285910,1
89891115,1
139588583,0
107986843,1
27398269,1
89856451,0
21967948,0
146349600,1
9800782,0
86228955,1
155259774,1
15221086,0
39085479,0
25454185,0
44406325,0
60871005,1
49842939,1
93990471,1
55490196,1
101777981,1
17489523,1
16876264,1
22340774,0
55576282,1
143388534,1
132354752,1
36244224,0
111883984,1
24185197,0
119532978,1
147376894,1
23874214,1
72245694,1
55617928,1
108286026,1
157926214,1
24258457,0
19079719,0
85872970,1
56607998,1
121095315,1
62938701,1
92844371,1
72478268,0
21471792,0
22611675,0
92467816,1
39136803,1
91381231,1
48212092,1
109864072,1
54111123,1
163435666,1
18545448,0
43483485,1
47930600,0
43546114,0
109739801,1
48939689,0
26573710,0
97157591,1
101137772,1
75213007,1
49382764,0
124053978,1
51469433,1
25760372,0
89587857,0
89535661,1
22045186,1
24636799,1
117025116,1
53682957,1
42661708,1
82461963,1
14195044,0
89927876,1
22851532,1
72204708,1
100856868,1
22946365,1
112381696,1
56009720,1
5513162,0
25879439,1
105118635,0
135720994,1
98168580,1
77798407,1
115401130,1
115442332,1
15460162,1
34511775,1
136695983,1
127316929,1
121742163,1
105824424,1
91924390,0
90843229,1
25972090,1
66749548,0
105506414,1
71327612,1
20832867,1
14421141,0
15497480,0
60102821,1
35254741,1
35047289,1
59916179,0
12511062,1
145549942,1
129898740,1
71211896,0
67397394,1
115854241,1
97177958,1
86744619,1
72639911,1
148877728,1
103866936,1
85346620,1
96080779,1
78816516,1
12738932,0
100017673,1
15435035,0
60703981,1
142377646,1
162882623,1
35927268,1
15326798,1
25673529,1
87340789,1
101232119,1
10403272,0
25570502,0
23032907,1
108467095,1
107678072,1
16061163,0
84909945,1
24558787,0
109565189,1
77724849,1
88038846,1
119786322,1
24492588,1
90296182,1
14962906,0
121904777,1
19420935,0
110816864,1
109712527,1
55120575,0
72942049,1
86973454,1
141088494,1
54058066,0
58008645,0
60514018,1
129152959,1
56613309,1
150803781,1
61527954,1
53229896,1
26953640,0
156057893,1
121614300,1
34340456,0
22605431,1
97369933,1
19189449,0
47170555,0
111207930,1
79618885,1
35102774,0
20951326,0
64136853,1
112486307,1
46857394,1
18201097,1
122934399,1
33088538,1
30806831,1
18034656,1
78903678,1
60442757,1
89625961,1
72322200,1
15876673,1
86027008,1
112445050,0
121650797,1
81555572,1
39407898,0
71991049,1
98062493,1
78614965,1
144610713,1
69366503,1
25355459,0
18548136,0
37554920,0
57734889,0
21110385,1
30606613,1
47452660,1
105608376,1
9256422,1
46713257,0
31472329,0
86841880,1
60498048,1
115202792,1
98279719,1
90372600,1
33486173,0
48322037,0
6114252,0
5912372,0
40100424,1
64802391,1
144860845,1
17928809,0
61317377,1
66471411,1
168955290,1
52898480,0
124166058,1
49389896,1
25075734,1
112123456,1
116453448,1
102651558,1
146253422,1
115714353,1
63035968,1
40752137,1
58193947,1
18500292,0
91090201,1
16793274,0
138144435,1
84556073,1
40293596,0
53606516,1
12118002,0
68479477,1
60680445,1
9003212,0
16694199,0
20377514,0
140060136,1
16427806,0
76770185,1
94903101,1
87451227,1
129109886,1
20352647,1
42737977,1
88815699,0
45746022,1
19603971,1
122064961,1
142160349,1
24232917,0
27200156,0
104854906,1
126800258,1
131339879,1
38983055,1
88258072,1
24668807,1
112162042,1
99605795,1
104215643,1
132590778,1
107454702,1
30032005,0
93508395,1
109887885,1
128127064,1
16052196,1
100937775,1
17017610,0
22832546,0
55276059,0
34258611,0
87846336,1
58448812,1
33866833,0
84315667,1
16521652,1
27837876,0
104991327,1
95598433,1
171333503,1
144695489,1
126865028,1
79362239,1
50761796,1
49112737,1
28613452,0
83857242,1
15331740,0
117352624,1
116209759,1
77932889,1
14575853,0
116562107,1
70484676,1
85189104,1
33587508,1
51537373,1
29516343,0
136236167,1
65497626,1
101892588,1
87802244,0
37089248,0
80421975,1
69221005,1
92499916,1
15899709,1
85767433,0
51372267,1
91723269,1
23682946,0
125319489,1
78581389,1
16875383,0
64529210,0
124005100,1
54462816,1
19225408,0
60972221,1
44101656,1
19852441,0
46362811,0
130273714,1
150027504,1
92208905,1
94225238,1
81751925,0
120472543,1
35504489,1
87585125,1
23946244,1
92964993,1
43733541,1
77842719,0
22767368,0
15969199,1
77804429,1
15166188,0
98948311,1
22570208,0
47430043,1
28923942,1
74444818,1
154202700,1
14779835,0
43303705,0
57678493,1
129559772,1
101546073,1
84203312,1
113557720,0
165347417,1
155033718,1
27598405,0
82990425,0
42283890,1
84701068,1
18231705,1
21951805,0
84128530,1
82136511,1
59337803,0
77481828,1
17165167,1
146634920,1
69625876,0
54812329,1
108624341,1
62365874,1
153060024,1
37045826,1
58073403,0
162694663,1
157414184,1
16903235,0
104361797,1
36264738,0
31463650,0
114714683,1
104194565,1
37469858,1
44152548,1
50679288,1
89982079,1
85686237,1
103518305,1
60465482,1
95654960,1
28163598,1
128519306,1
12343592,0
16046141,0
95843009,1
83539424,1
28044179,1
44096394,1
43111167,1
43825112,1
58813296,1
21847215,1
61472958,1
124697432,1
14858600,0
170116416,1
13792942,0
141008688,1
95143281,1
99241895,1
34730477,1
135693278,1
18623776,0
57109772,1
21202193,0
69927758,1
76417209,1
118317117,1
25033897,0
94072399,1
30747766,0
64465737,1
121676973,1
14940268,0
161505614,1
24365037,1
94332608,1
101774101,1
19353848,0
140196403,1
71244492,1
83447116,1
21759679,0
136172573,1
24815565,1
23933854,0
47205923,1
132794981,1
51997727,0
44623350,1
58773667,1
106735481,1
37412347,0
53558007,0
16487660,1
30171051,1
66330957,1
38333986,0
28841026,0
111648625,1
90930605,1
109337229,1
98343411,1
22463250,0
66574816,1
140601324,1
20244904,0
84255139,1
10500072,1
16046103,1
16176445,0
145435568,1
91555308,1
15481195,1
32507760,1
30331445,1
31630054,0
16835676,1
105567618,1
92904184,1
17355016,0
86471521,1
23552563,0
169834105,1
135895359,1
166309815,1
113886124,1
85543236,1
89081659,1
15653285,1
73415271,1
118156114,1
25987714,1
113405755,1
61561267,0
101211192,1
98594627,1
163799516,1
15868980,1
52908077,1
6859412,0
74905098,0
108306039,1
39239065,0
111100068,1
62276184,1
127724428,1
42102822,0
127435871,1
112767857,1
115959056,1
18973749,0
112228615,1
104844196,1
35124683,1
149437804,1
157822097,1
92236523,1
25812399,0
72234971,1
7936262,0
14926681,1
64102888,1
164580652,1
98042584,1
99068139,1
69620967,0
87618159,1
72005983,1
144139810,1
61938171,0
37468448,0
56918274,1
110662759,1
91556211,1
21518601,0
159900954,1
33378582,1
16145206,0
76257871,0
75767082,0
82135294,1
96698354,1
101938859,1
80708338,1
165794335,1
16574521,0
47299409,1
95675741,1
104618279,1
3989301,0
16054658,0
50821216,1
54253589,1
134216911,1
5209331,1
78527486,1
102909747,1
88149644,1
112684498,1
12719822,0
45954934,0
67478384,0
60215095,1
27572218,1
54093228,0
101875145,1
12604592,1
144696598,1
76356961,1
23549825,1
82817408,1
55525697,0
40605223,1
45499012,1
106494199,1
140678449,1
45286305,1
167001804,1
46647259,0
80545246,1
22402718,0
37199648,0
139420213,1
92681460,1
23417060,1
31654322,0
82742339,0
77937158,1
52883167,1
67217215,1
48548259,0
13434712,0
151257200,1
73972244,1
85424505,1
75990971,1
50372672,1
139145195,1
58671120,1
33092054,0
155318803,1
160042783,1
91363443,1
37385159,1
35656585,0
29101171,1
58497366,0
102271659,1
96310417,1
139484031,1
95240450,1
44286155,0
100988013,1
90045568,1
37723572,1
67826573,1
166040575,1
21266346,1
80545657,0
128475460,1
158663902,1
76695330,1
95844755,1
78817424,1
114878121,1
73743183,0
86818983,1
91072500,1
128798931,0
22393316,0
17770152,1
14802959,0
86558508,1
136472889,1
76394334,1
52795298,1
28805175,1
64645550,1
141553958,1
92309774,1
43924952,1
44374690,1
111767650,1
86804683,0
41200725,0
104494475,1
35451198,0
25631301,0
100082754,1
87054987,1
78830804,1
14313638,0
103717680,1
52416102,1
23401718,0
116418280,1
140334087,1
124447327,1
75764288,0
38062339,1
135193690,1
28978744,1
19828950,0
18787361,1
29358534,0
28254837,1
39027227,1
14364397,1
159883108,1
82878454,0
60131730,0
66211055,0
106001277,1
93484670,1
136990734,1
31189043,1
26205699,0
65404297,1
82339332,0
105747592,1
22428125,0
17749179,0
100882859,1
30537862,0
113880499,1
24510957,1
62508273,1
105956284,1
39662216,0
84774484,1
24632416,1
56700661,1
65832553,1
75404382,0
72290368,1
51347907,1
19566072,0
26802587,1
77069650,1
53846216,1
91909378,1
19867432,1
72369190,1
26096265,1
79214158,0
100436746,1
151216713,1
76112628,1
17061441,0
77938464,1
23458896,0
136396621,1
15501840,0
76412611,1
37032875,1
40905934,1
146859161,1
71476761,1
129478315,1
26493854,1
43266620,0
82507977,1
16238592,1
83336476,0
92010788,1
132696778,1
141370447,1
57217816,0
18550796,0
145325389,1
81646817,1
60638062,1
47850176,1
140292739,1
42398294,0
159548777,1
89547162,1
54259582,0
55816213,1
100947054,1
116012945,1
159902123,1
41402271,1
125069616,1
71948412,1
15748992,1
16790456,0
26260067,0
16440729,1
17306763,0
37221838,0
66905905,0
42011753,1
27793119,0
80991874,0
60696195,1
21505118,0
51716884,1
86066556,1
58521879,1
41166408,0
109737947,1
74897154,0
28119357,0
2884771,0
105192595,1
77362155,1
40944884,1
27637084,1
76163340,1
123889590,1
64423349,1
32332646,0
131981631,1
61696560,0
92522405,1
27881561,1
50584559,0
108008036,1
45245550,1
118970949,1
168823253,1
28738407,1
4886711,0
83382387,1
110946127,1
67500929,0
80775268,1
29057049,0
102020875,1
38300064,0
75710943,1
84022169,1
52160072,0
165416556,1
158493242,1
45291178,1
58699941,0
95387440,1
25090753,1
59365878,0
72862932,1
62865923,0
77843760,0
59526422,1
143750781,0
46796302,1
107339221,1
155245169,1
66202950,0
52710212,1
119951204,1
134551409,1
82889849,1
144424607,0
66254334,1
20866855,0
77907650,0
98901626,1
56051208,1
92163165,1
14298191,0
47310637,1
18793954,1
20294291,0
58846008,1
9578362,0
117169234,1
109224489,1
148834716,1
62351779,1
33902457,1
29612816,1
30302926,1
21171385,0
63123745,0
34426844,0
79493014,0
36535752,0
26050803,0
25989291,0
75537456,1
17039370,1
59162340,0
21769769,0
38676453,0
128695937,0
17597303,1
143131580,1
99874412,1
23385405,0
110936020,1
18800493,1
149200356,1
126095618,1
41505522,0
27812002,0
47444914,0
125922245,1
52260186,1
43147107,0
89719340,1
95113057,1
96335276,1
37451196,0
107709021,1
20025673,1
78757217,1
104852400,1
25919004,1
54423990,0
134902986,1
100059744,1
50266942,1
84274510,1
27983139,1
22441365,0
19004419,0
136921148,1
13203082,1
73552639,1
1463931,0
113786420,1
85746252,1
78815561,1
16076678,1
97233280,1
128510248,1
71922550,0
76647514,1
58697141,1
44582010,0
128030727,1
18627038,1
17582597,1
100231271,1
28655816,0
80567665,1
33882224,1
30178004,1
165685054,1
105735109,1
88599134,1
12757982,1
101230316,1
48038449,0
151184582,1
33249831,0
42732389,1
51629323,1
14169174,1
32529736,1
139571267,1
77098006,0
119638238,1
110614859,1
24714519,0
47409283,1
98616676,1
17352586,0
72787771,0
98573033,1
105274104,1
92030863,1
65740628,0
75358436,1
152724464,1
88841549,0
75625760,1
7022422,0
51728090,1
47673051,1
94343308,0
25637331,1
48689504,1
83429349,1
61151599,1
89647077,1
54964925,0
26106696,1
149835159,1
100233721,1
78933181,1
71629167,0
99898621,1
101668011,1
20902757,0
42259280,0
136526508,1
66287190,0
97205924,1
13225732,0
88401274,0
147960628,0
52837663,1
92711055,1
19877000,0
144695946,1
40828001,1
60078950,0
52930771,0
20326511,0
30397776,1
56794238,0
10459482,0
18634424,0
32196856,1
19614615,0
83602773,1
91933589,1
83666189,1
76932446,1
113780711,1
128197086,1
157537189,1
51770633,1
82170182,0
68233831,1
98977701,1
20164640,0
58741542,1
51654637,0
53512145,1
91915648,1
84913808,1
144075275,1
59949474,0
136047437,1
17119883,0
41545182,1
72584457,1
23304409,0
130902889,1
63251105,1
129743345,1
50545178,0
25795105,0
101198296,1
55214897,0
85778598,1
105619564,1
50728264,0
67994780,1
74995855,1
38330772,0
14889912,0
26755296,1
28672075,1
12839532,0
61078034,0
9583582,0
112483292,1
24533623,1
81186198,0
71826708,1
111220048,1
74207521,1
105422369,1
19768182,0
73253270,1
91548369,1
80017129,1
104552531,1
77874371,1
988491,0
65029432,1
14257808,1
100820199,1
21586069,1
44937591,1
25495605,0
84690493,0
99076762,1
19418508,1
90910749,1
24158775,1
18234520,1
90285821,1
90082946,1
26278762,0
20494303,1
83994642,1
47041918,0
91004156,1
48871468,1
40821024,0
155368283,1
83598273,0
84770212,0
44414829,1
54715487,1
121561826,1
98649219,1
75375354,1
6394912,0
128843745,1
52828445,0
129490174,1
79554402,1
131633061,1
100985605,1
113740385,1
48638065,1
135243034,1
162559309,1
100924249,1
18087890,0
102759728,1
16657064,0
105092213,1
134588463,1
107223529,1
41344470,0
20491665,1
21108735,0
20017031,0
16645142,1
69912454,0
118315571,1
161747660,1
28631926,0
20292510,1
128264018,1
55251239,1
83942140,1
84525730,1
134392339,1
119082909,1
57929718,1
52969693,0
68429739,0
100221906,1
135651766,1
60898847,1
101856303,1
115240147,1
59510633,1
45618772,1
50842992,0
30078856,0
66859261,1
86835893,0
91009995,1
66353738,0
85109693,1
49779365,0
158728757,1
89020183,1
49176492,1
156704488,1
21625809,0
164189576,1
52974257,1
39761979,1
127903284,1
74860864,1
87621568,1
27771693,0
132762059,1
128383148,1
30273915,0
34225958,1
60427691,0
16104623,0
49628557,1
16361093,0
131437135,1
71820955,1
40414273,0
15964092,0
94151445,1
160522486,1
66178975,1
84418398,1
103496506,1
24360082,0
91158371,1
49196182,1
140173419,1
17077054,0
20371912,1
50503051,0
87702899,0
68716626,1
115961424,1
2889981,0
40752316,0
29942751,0
32275888,0
40085989,0
53753466,1
111095786,0
17783867,1
5610822,0
130769545,1
90090961,1
57946564,0
88594166,1
90030529,1
155901324,1
98711806,1
36989717,0
55352306,1
12085042,1
70819954,1
45799251,0
153011828,1
59831200,1
15280950,1
91301747,1
100225645,1
89124185,1
94352634,1
21717545,1
78824008,0
106775954,1
59981192,0
50628516,0
52347921,1
66176731,1
23299684,0
110841151,1
82972064,1
21895068,0
9231442,0
18300658,1
150450010,1
31283106,1
74467072,0
173615505,1
36608544,0
117231239,1
123025282,1
104032249,1
90219321,0
110049762,1
59354916,1
14785985,1
33481712,0
39783216,1
107106013,1
58307468,1
84786027,0
65564752,1
107334712,1
16100578,0
794785,0
63555607,1
134399747,1
31322947,1
101752470,1
145136169,1
48254300,1
146673437,1
26290434,1
102613011,1
34410189,0
60120057,0
9237672,1
39119289,0
74684810,1
111853801,1
56268441,1
71569325,1
55216308,0
144637571,1
19043536,1
13626352,1
43971703,1
116967049,1
102580052,1
76147709,1
14800126,1
15789733,1
82451900,1
40007208,0
92830705,0
32719777,1
136655350,1
156359700,1
104512558,1
40879767,1
137675624,1
104523232,1
18582213,0
49091537,0
92505928,0
15862641,0
14373091,1
15222519,1
49161804,0
54103635,0
74235617,1
108972719,1
24763021,1
113474113,1
19655517,1
60317727,1
93978197,1
130692447,1
64200181,1
63785550,0
40782313,0
14587738,0
51141681,0
26257780,1
10627852,0
16538850,1
39663025,1
19937197,0
115593576,1
18658460,0
110125180,1
110003230,1
19480741,0
39803935,0
67330589,1
763068,0
127714337,1
54420792,1
118519512,0
72003932,0
38030852,0
137586392,1
41674867,1
81361888,1
125328309,1
22645844,1
29846155,0
37529438,0
106554941,1
139470116,1
131878861,1
49815165,0
24193930,0
106854467,1
18869830,1
62414450,0
39642893,0
90393562,1
83400897,0
160063701,1
65667085,0
143886943,1
30343740,0
73853501,1
85513422,0
52911058,0
111254848,1
131139057,1
101502715,1
29930893,0
141901961,0
74601890,1
109939498,1
45503968,1
118526287,1
49413140,1
21812549,0
31434525,1
72253033,1
22118295,1
111557551,1
34208557,1
88901110,1
156644249,1
43511204,1
108535657,1
27814298,1
93825064,1
82001105,0
82780090,1
12317562,0
49783633,0
92319165,1
117629177,1
89456112,1
62535985,0
74924094,1
49952325,1
107998655,1
29463928,0
77681485,1
38450337,0
19637284,0
44662899,0
59393714,1
16633274,0
62643584,1
23706091,1
18376807,0
54627607,1
75210851,1
164601486,1
13372592,1
85634002,1
43565283,1
155092528,1
44490264,1
61509904,1
34931360,1
106428585,1
99922922,1
67311469,1
15484172,0
85658351,1
43061717,0
58227280,1
71637518,1
95207041,1
82348962,0
18206009,1
88111650,1
157128392,1
154788965,1
135699419,1
35629686,1
89703248,1
97431636,1
14368027,1
123377943,1
3789291,0
15340934,0
59051000,1
119872941,1
86686371,1
19487375,1
58127119,1
106628990,1
16552198,0
20746481,0
85984663,1
116419291,1
45143861,0
89904317,1
46507250,0
9057432,0
50556973,0
65590374,0
140323973,1
57803614,1
22287718,1
63401975,1
17019460,0
113262248,1
129863191,1
33848404,1
59863193,1
14025402,1
89986003,1
168355760,1
161441405,1
92444273,1
69286559,1
123905173,1
76918799,0
30769213,0
137904950,1
16142281,0
111312460,1
88860176,1
24460891,0
100220329,1
30383103,0
49761035,1
123828932,0
101992666,1
37841434,1
60916408,0
72934502,1
160792003,1
65793418,1
74153376,1
25716367,0
39026148,1
150032820,1
71692373,0
95240505,1
46916811,1
81534931,1
111364406,1
47342654,0
41050631,1
119646095,1
111140995,1
47528434,1
45310140,0
37865634,0
102903004,1
36134598,1
32971321,0
147293703,1
124569610,1
121179384,1
25915746,1
11440422,1
66188053,1
69004651,1
29221484,1
69979249,1
18039861,0
112328275,1
47262101,0
133567045,0
89343054,1
119147153,1
115907167,0
71282904,0
56443916,1
28075706,0
94417635,1
135501399,1
60542911,0
37196774,1
14024532,1
75057311,1
118639339,1
28796952,0
60238917,0
100111040,1
20697857,1
30950495,0
155533761,1
152026106,1
49317134,1
81926551,1
151664866,0
19755128,0
83050569,1
146274659,1
32758758,0
69953343,0
18115787,1
47027536,1
40567888,0
43994030,1
31160952,1
75813929,0
140060553,1
99023319,1
132144897,1
151219906,1
20022226,0
62568455,0
67823816,0
43627863,0
75626305,0
16683419,0
58502498,1
21939734,0
77703400,1
110435250,1
100789445,1
31458173,1
32414298,1
59646947,1
38963899,0
92260501,1
139641538,1
61736609,1
65478756,0
15720493,0
39053355,1
47350082,0
15502486,1
45107900,0
31118195,0
16632063,1
165932826,1
64574086,0
18672010,1
34796617,1
24248030,0
85628825,1
42014165,1
141010602,1
75675003,1
55303431,1
30993799,1
23565093,0
74926698,1
134742182,1
109427163,1
108742071,1
63493307,1
99022935,1
80709476,0
83894511,1
112969771,1
136201765,1
92876067,1
29351679,0
104178290,1
15830899,1
34803205,0
62889270,1
106639500,1
112020548,1
74891546,1
93497273,1
159331592,1
24016369,0
163260452,1
56909319,1
15275022,0
34544594,1
44508126,1
49217049,1
20872762,0
35771318,1
86602344,1
128522378,1
20881939,1
82843684,0
28770282,1
43126091,1
36204276,1
158161503,1
12473732,0
23137786,1
30135484,0
156446183,1
7159492,1
63915528,1
78861460,1
135266533,1
91202103,0
76823445,1
42777119,1
127484352,1
17973137,1
19674860,1
139500182,1
57589770,0
96116313,1
69316122,0
140058307,1
97875361,1
18947216,0
82192011,1
59923244,1
18437575,1
25174183,0
21026988,0
44848189,0
83719014,1
32341816,0
110470223,0
17601391,0
68128293,0
82059362,0
76976183,1
94480069,1
16346973,0
66858956,1
38619535,0
105164244,1
88878000,1
120230172,1
94067591,1
37922956,1
21244287,0
49207425,1
30117125,1
78851688,1
110591351,1
63360909,1
9527012,0
47298394,0
5653012,0
27895583,1
14496481,0
83747702,1
160218097,1
72696444,1
73229232,1
19375211,0
50579650,1
143248058,0
34733643,1
59013870,1
57608714,1
60456535,1
81384418,1
96595052,1
74491514,1
61371501,1
14180279,1
54254748,1
41381968,1
37915597,0
38032306,1
67648949,0
24549864,0
146028285,1
158582249,1
119949795,1
104236159,1
67570086,1
20079476,0
54962515,1
79345598,1
110854390,1
47852935,1
150011602,1
83446991,0
160955894,1
55578765,0
18464242,1
2986671,0
33905606,0
16253109,1
144695529,1
32368290,0
76622774,1
83359440,0
80633222,1
44106429,0
61935497,0
140009682,1
109399581,1
73891350,1
123470254,1
19799548,1
76419904,1
84555831,1
53533228,0
161132824,1
47119727,0
71027616,0
56796390,1
124623933,1
72069534,1
118065669,1
115690698,1
77829092,1
24575664,0
79987868,1
81648642,1
91742189,1
90319722,1
101048101,1
142839820,1
101399683,1
19163936,1
139608063,1
124559663,1
116573114,1
59657502,0
24539999,0
30338198,1
26154557,0
21557770,1
5609382,1
90277521,1
18154482,0
65849362,1
151376136,0
80424808,1
104415235,1
33346621,1
68952817,1
34241921,0
152242885,1
101652819,1
92424507,1
139423918,0
22749228,0
86614010,1
89022461,1
149695358,1
90078142,1
35428399,0
24598723,0
39410988,1
15286422,1
103949612,1
118716130,1
53976933,1
43332189,1
139549776,1
29591871,0
83681836,1
141517751,1
41148223,1
102537047,1
19989939,0
66123362,1
145380725,1
69924803,1
116565314,1
73687344,1
40064064,1
173689033,1
72912264,1
28574947,0
88388829,1
22891718,1
104608144,1
60511193,1
16535211,1
105117456,1
75396266,1
55921517,1
104195181,1
21187889,1
18914991,1
78073551,1
134596358,1
102470436,1
170267296,1
31250494,0
82058648,0
104164786,1
162631031,1
111634852,1
116270854,1
25456745,0
90524511,1
44591329,1
84165878,1
32563011,1
80969865,1
159727129,1
15788693,1
72865112,1
79281031,1
100830241,1
132574428,1
49011843,0
93071458,0
101117619,1
164398736,1
14080704,0
145600702,1
126744101,1
16449251,0
109167940,1
28018653,1
22504992,1
74690353,1
129759564,1
55430676,0
37758023,0
32785024,1
90362544,0
34103858,0
171973468,1
45961610,1
101286121,1
35848162,1
14763855,0
18250829,1
57090683,0
72107074,0
164063605,1
86939988,0
101873021,1
6690662,0
71981816,1
118526195,1
109218479,1
25620569,0
19036637,1
63506487,1
39370849,0
45878587,0
90220688,1
140563179,1
161115576,1
18424561,0
120108338,1
21864665,1
45959005,1
31402484,0
37626740,1
14686025,0
74101977,0
46886925,0
79914880,1
83497410,1
121646083,1
53774386,0
35244828,1
86366589,1
14366956,0
121134427,1
75083221,1
74729795,1
102861551,1
22671880,1
19916976,1
17266318,1
93003893,1
42036917,1
76583691,1
48940891,0
17127601,0
19916486,1
118119664,1
164220042,1
17206096,1
11486902,0
9014352,0
45202169,0
100910119,1
61778136,1
142763945,1
31428612,1
18018134,1
93402679,1
46733662,1
95494588,0
83712570,1
113853004,1
110364389,1
39441954,1
105689109,1
116573057,1
62741098,1
142152504,1
16154421,0
5023711,0
25054324,0
18744189,1
26594181,1
104935575,1
115818024,1
144831523,1
103661712,1
74972814,1
16599086,0
62450252,0
26972672,0
34918178,0
63022000,1
20672657,1
48654651,1
50119652,0
77584379,1
91015168,1
75200707,1
118519698,0
105732522,1
100881607,1
70992914,0
21091297,0
28111341,1
28729797,1
102108624,0
113469028,1
24492222,0
14491839,0
75303647,1
22173724,1
131259080,1
81420646,1
47401143,1
45082357,0
29578815,0
121711854,1
96533993,1
14155497,0
15441609,0
19829623,1
35785650,0
107658995,1
45709656,1
63278854,0
73475948,0
110708185,1
37165437,1
74009427,1
26693461,1
84088268,0
79440062,1
86304986,1
136015028,1
56118379,1
90431946,1
105756483,1
113093460,1
112598034,1
104399647,1
16042788,1
123969526,1
17764601,1
116066749,1
14164435,0
130992017,0
5389302,0
76809334,0
79193396,1
121835277,1
118949596,1
79197281,0
138314023,1
132095145,1
114619936,1
39243177,1
14440083,0
63432501,1
74570946,1
37211461,0
130437898,1
110492204,1
14683755,0
85756943,1
83777311,1
15470773,1
16518590,1
69210801,0
65558520,1
66211091,1
25928221,1
37654870,0
35815730,1
74119229,0
53423158,0
67568424,0
72919847,1
50452160,1
30295777,0
73505344,1
75672289,1
116896846,1
133770381,1
110370439,1
62769866,0
35779553,1
42146239,1
95731450,1
28235771,0
143031897,1
116998701,1
21820968,0
20857133,1
19170139,1
132577012,1
23129207,0
158685440,1
19929134,0
76139291,1
153308316,1
78859632,1
19212976,0
80319880,1
96850286,1
119914423,1
62521827,0
43594096,1
106744050,1
161725937,1
107169506,1
138032587,1
31491245,0
71329773,1
91000810,1
116565462,1
39648380,0
61967033,1
53901706,1
61104704,1
51180703,0
71752666,1
49260536,1
72082300,1
56708596,1
37236997,0
44470463,1
73204779,1
14366357,0
51518995,1
65083016,1
92178515,1
126656016,1
103059161,1
51476059,0
56413133,1
22738950,0
117594050,1
120754163,1
86401028,0
132295214,1
106362410,1
161462033,1
87628489,1
102899946,1
101029356,1
25427216,0
107634841,1
75113997,1
44305810,1
88114641,1
48739748,0
14492938,0
30554768,1
3720101,1
19160810,0
43770695,0
72750625,0
112490713,1
85642282,0
18314944,1
23269431,0
70107090,0
135348838,1
106414670,1
118006581,1
89897817,0
21373407,0
22209783,1
17355787,0
114634928,1
131866533,1
128860382,1
15202752,0
26955957,0
155261899,1
98562747,1
26153164,0
22005300,0
90063466,1
100802649,1
90540845,0
89186829,1
85212302,1
22103633,0
56366184,0
81579081,1
132997389,1
81169015,1
40198656,1
34370694,1
53293787,1
60799396,1
95840619,1
18951658,1
118513287,1
159943849,1
82877686,1
25719606,1
14546963,1
9460032,0
39574645,0
55334516,1
50941273,0
45464870,1
85230729,1
86271656,1
93914525,1
14903556,0
111984610,1
11305742,0
24017034,1
14920301,1
100984198,1
83416889,1
3374861,0
50929903,0
29296775,1
87272276,1
39804759,1
73088684,1
59851175,0
73574871,1
167005868,1
131172340,1
65549516,1
61976400,0
79203723,1
95524822,1
19804797,0
54040001,0
36414298,1
17172103,1
139870807,1
38937738,1
121410229,1
14072992,0
26146063,1
27106096,0
56903115,0
67775797,1
21128547,1
67593113,1
34173993,0
162880974,1
143540703,1
20642143,0
88609638,1
74042781,0
14921361,1
79033078,1
87430386,0
14444226,1
10707612,0
56278796,1
31315497,0
56564046,0
33420178,1
14504265,0
17043732,0
86126526,1
40522636,0
120237398,1
53321327,0
15858184,0
114857443,1
83479684,1
153667646,1
16821280,0
42201223,1
15891723,1
42296429,1
37056857,1
41082615,1
68148131,1
22505230,0
89601788,0
133432536,1
45385642,1
59337793,1
137890240,1
123113391,1
41897886,1
18876233,1
29380250,0
102988051,1
162570360,1
141073396,1
126177656,1
21429791,1
24650502,1
111836882,1
60148020,1
75184636,1
100880718,1
97179947,1
27313460,1
23062834,0
100070266,1
52715607,1
59452842,1
30559689,1
42598141,0
41098866,1
89870180,1
15931847,1
145616670,1
140089474,1
98158585,1
60261918,0
51780173,0
39014223,0
44760831,1
78838631,0
46051332,1
43402940,0
91961723,1
142597759,1
146162017,1
3489451,0
60569778,1
89401327,1
78775819,1
86337389,1
52650761,0
79631866,0
56638266,0
21052562,0
17066077,1
96644687,1
47235374,1
90667460,1
40180673,1
100234674,1
36457488,1
83195800,1
77468267,1
19180419,1
66752854,1
32778696,0
58493442,1
119302914,1
90322355,1
22337219,1
64756302,1
116151034,1
22426375,0
29023443,0
92092395,0
55820092,0
64276496,1
39731367,1
72996296,1
29892846,1
27875123,1
37898343,1
73058055,1
35007432,1
49178451,0
55720528,1
105648396,1
166313226,1
37176359,0
62859249,1
53513908,1
73464557,1
92204931,0
51174601,1
76639506,1
23890475,0
39660053,1
98850194,1
18690651,1
102627927,1
67227772,0
93695023,1
150474700,1
67703202,1
114854297,1
112689228,1
92615738,1
129986316,1
103819266,1
128192833,1
92938507,1
95631726,1
47643173,1
29292441,1
18582726,0
29210813,1
93009614,1
14361898,0
107270100,1
57770064,1
34425237,0
22080721,1
25708701,1
42608169,1
26098603,0
83844492,1
78843030,1
28266058,1
144700379,1
119667941,1
90996166,1
87064015,0
42574837,1
19055340,1
134867740,1
91990613,1
54789492,0
107339127,1
18884734,1
155412643,1
66885511,1
48816160,0
19496120,0
77342688,1
33039490,1
26072208,1
89955591,0
26581834,1
89394708,1
14206085,0
114932717,1
125978305,1
72635730,0
135420490,1
53701423,1
71668454,1
21094745,1
98709391,1
106978405,1
106157576,1
112361930,1
94549164,1
104643384,1
66634192,1
34714784,1
65342471,1
14278915,1
38130921,0
111417888,1
70521546,1
135970993,1
69930988,1
33083423,0
86437518,1
54621204,0
96750754,1
69595970,0
21057414,1
115534008,1
63646063,1
126417548,1
150554997,1
53027096,1
99392688,1
19591212,0
114969512,1
164204177,1
16110795,0
14380212,0
32408911,1
123739282,1
136390489,1
15954321,0
88854164,1
67856082,1
6333512,0
84048814,1
66069000,0
96013364,1
58011875,1
29160281,0
16848174,0
26103885,1
51130754,0
41507680,1
105628440,1
102715021,1
18702193,0
54313110,0
52750793,0
83714289,1
132214918,1
78737833,1
139371532,1
91016622,0
17843692,1
148957440,1
19148712,0
77036127,1
26963334,1
125545531,1
58625373,1
28799298,0
90273407,1
14614484,1
130275835,1
149688115,1
16970634,1
115432966,1
96016847,1
61506432,1
55835287,0
58981222,1
75271605,1
148617751,1
29387465,1
72357666,0
163734726,1
139723305,1
84401956,1
10667662,0
62627613,0
14898113,0
52498333,1
16517479,0
62024026,1
124555155,1
26403342,0
44257210,0
54076643,0
32505912,0
58481871,1
149057278,1
46384092,0
103684663,1
17729188,0
87339933,1
55113535,1
92871739,1
14459814,0
121908224,1
58446332,0
78503168,1
118470266,1
41568985,1
143103707,1
148362830,1
115126294,1
126077112,1
5169871,1
19425669,1
104349809,1
91436448,0
97311856,1
144856163,1
37988259,1
170095441,1
119541294,0
29622459,0
75704537,1
14840587,0
52844103,1
107964145,1
97511013,1
40889510,1
126267248,1
69734438,1
59973540,1
16535009,1
73131528,1
15127921,0
14197334,0
24081780,1
48832338,1
101642710,1
59297016,0
79409630,1
139467586,1
18420291,0
1053341,0
73900036,1
56310810,1
41189294,1
31578620,1
99982163,1
17231363,0
52907607,1
106413906,1
85906944,1
24067286,1
134771119,1
145656936,1
14651414,0
96288229,1
48791051,0
85248943,1
90644956,0
96157911,1
110580505,1
135621961,1
20422357,0
121278779,0
77255002,0
86736194,0
139499095,1
72299601,0
15313127,0
19820683,1
15506426,0
122724607,1
123563333,1
59034980,1
66743407,1
91826448,1
8377772,1
29588280,0
96702286,1
100983913,1
33574587,0
44486949,0
55549017,1
125533344,1
29560689,1
22261646,0
103215739,1
16985697,0
44642308,1
54881986,0
40301469,1
28444771,0
139618995,1
43018616,1
41295922,0
5577562,0
61669610,0
18694223,0
52602536,0
21686174,0
151204704,1
78259750,1
155477193,1
85986581,1
55089689,0
88209428,0
115724420,1
18577480,1
6982452,1
36318385,1
100377159,1
65052636,1
24308548,1
85855675,1
30516276,1
38864989,1
56125981,0
107332338,1
28002289,0
28727685,1
37574343,1
141514218,1
22967001,0
81325282,1
165688115,1
80834579,1
98974035,1
55210753,1
50899674,1
31326207,1
80239698,1
39159103,0
63090985,1
96467373,1
24155631,1
43304638,0
39992649,0
103061196,1
45716258,1
24328783,0
40826501,0
65990217,1
30976346,1
27867397,1
152789537,1
25802923,1
10319082,0
15625319,1
166867258,1
17631406,0
120287408,1
20143953,0
79258053,0
18916750,1
79421109,1
55599765,1
17963777,0
106031076,1
65847740,1
82472437,1
111709705,1
34816622,0
86067558,1
51721656,0
128120599,1
14987051,0
87520637,1
13972472,0
103612054,1
22763252,0
50214921,0
42906398,1
46184658,1
101053646,1
32691326,0
64783966,0
78529235,1
15895637,0
18787818,1
69186241,1
30742448,0
86017751,1
16198960,0
25503421,0
71965506,1
80128671,0
17058424,0
98782120,1
172202895,1
163119297,1
823162,0
91088484,1
76706995,1
100884692,1
129698620,1
84691160,0
38039751,0
139464994,1
124204024,1
76938216,1
40752089,1
5201111,0
104200006,1
1580771,0
116635990,1
40447378,1
18524061,0
60537155,0
92095720,1
46878851,1
15892695,1
67132747,0
47358299,1
52921747,1
13788342,0
123565125,1
66355815,1
16091798,0
149803042,1
22517455,0
89484874,1
22871175,1
33245432,1
15240545,0
102694101,1
7678802,0
24786958,1
122040941,1
33134201,0
65688848,1
100982456,0
18083235,1
146344235,1
81617120,1
69738617,1
78616693,0
38288486,0
41323610,0
21137880,0
32928697,0
96330116,1
83822472,1
63673811,1
46826879,1
34575674,0
35779792,1
84347297,1
33509100,0
72407750,1
129830214,1
136390229,1
101074893,1
19460348,0
17857893,0
3459631,0
87226240,0
115214647,1
61788318,1
16203232,0
106489671,1
125444820,1
78426579,1
35040269,1
79201644,0
90484681,1
70728582,1
43978370,0
44363843,1
93006478,1
18494241,0
20793995,0
128420024,1
114605547,1
86137169,1
55350966,1
156837260,1
130329443,1
21646543,1
36144817,1
46470205,1
146450540,1
104822598,1
5448632,1
14416124,0
57716723,0
59452329,0
68116450,1
83620142,1
51081931,1
42855713,0
62093594,1
33854028,1
59371362,1
91004449,1
53343901,1
128688234,1
78822979,1
17709470,1
30545060,0
14919957,0
116545000,1
80577590,1
39150321,1
114578446,1
50697900,0
92327927,0
6687672,0
113943000,1
84452721,1
31493996,1
24466363,1
104734482,1
92010437,1
14134831,0
15464324,1
7361162,1
160122033,1
47127205,0
110315306,1
42920213,1
48052259,0
55292248,1
56617078,1
44372778,1
28975208,0
112526179,1
19111192,1
23919891,1
130915119,1
111916546,1
117109248,1
120993031,1
100666075,1
33700650,1
26445316,1
89940106,1
19527000,0
48220935,1
139704644,1
96102023,1
25682844,1
171006960,1
55544993,1
94235030,1
19344805,0
89039719,1
103575705,1
142386110,1
89116668,1
97065785,1
19535900,0
63620517,1
15776004,1
68516465,0
159584739,1
91470521,1
37725396,0
87791774,1
132632919,1
91945431,1
158071728,1
27006048,1
42125637,0
49686016,1
18495199,1
138237491,1
108874902,1
89145830,0
49278427,1
67328920,0
62140508,1
69119703,0
23697225,1
122034386,1
79696222,1
78139682,1
128534188,1
96528840,0
89512080,1
17898699,0
137682950,1
80583081,0
15714980,1
116120344,0
84184533,1
66237646,1
35059368,0
61017208,1
31563881,0
139287583,1
28927143,1
101056512,1
140028001,1
62405265,1
85051728,1
61411132,1
36388195,1
117430308,0
29596152,0
25546976,1
103901089,1
55155672,0
89012955,1
23805667,0
84348701,1
77172287,1
90086694,0
145922506,1
50390739,1
111563078,1
67843645,1
113235257,1
68987164,1
70896570,0
29554915,1
6640782,0
18947610,1
119449536,1
81715954,1
102792805,1
161029713,1
138059401,1
104741009,0
117266431,0
145398976,1
63872412,1
106769319,0
112015821,1
59896688,0
40805364,1
21330128,1
54486165,0
39585338,1
58632777,1
98348746,1
119256510,1
68140281,0
37557954,1
55677474,1
105865635,1
103813641,1
62651590,0
52821910,0
30739778,1
19481021,0
86905315,1
7701072,0
77769007,1
43152724,0
40451433,0
146355440,1
61163812,0
41595394,1
166470160,1
49743379,1
29463870,0
44718054,1
159434196,1
162427782,1
34372470,1
24619278,0
89651123,1
123083177,1
19445917,1
82274060,1
105612586,1
47329326,1
76793189,0
128489900,1
47422089,1
61302793,0
42447746,1
19161549,0
71463229,0
77425410,1
25287077,1
25964578,1
47347346,1
127976679,1
77266467,1
94342413,1
68793140,1
50740597,1
123331039,1
47347971,1
134965036,1
20695351,0
88419784,1
98492941,1
47659080,1
91333374,1
151194002,0
147460394,1
64221979,1
73975709,0
26184640,0
18786171,0
76408815,1
125472693,1
89407188,1
80463415,1
142341826,1
29406503,1
38516695,0
151859328,1
60742090,1
69168739,1
32549499,0
37402842,1
84507626,1
57904829,1
141719172,1
123164953,1
75356205,0
26506733,1
40228250,0
89211860,1
18513162,1
83773343,1
45067261,0
60940744,0
15420174,0
132800138,1
14912407,0
45515359,0
23707921,0
25468423,0
49076029,1
33233255,0
55408541,1
100106819,1
64779395,0
30364138,0
153419792,1
135332401,1
60591371,0
68046614,0
49916786,1
30192560,0
38409217,0
71488004,1
131233255,1
18035802,1
75343950,0
20192160,0
19997542,1
38046807,0
33199262,0
118739189,1
116640835,1
153879455,0
31513649,0
67725123,1
20900227,1
14145004,0
103241214,1
15513314,1
34771706,0
149526501,1
19658846,0
146132374,1
44875519,1
33411019,0
1916331,0
166811565,1
99730702,1
23262500,1
56425243,1
39800969,1
109149806,1
67187435,0
168160042,1
122646786,1
139578096,1
15927833,0
135851415,1
61842375,1
45054037,0
86140270,1
17183018,0
38292468,0
21093392,1
101279812,1
44155019,1
82934611,1
26840295,0
75884382,0
53261946,1
71299567,1
72213793,0
15165264,0
18393952,1
113343352,1
19825914,1
53220532,1
98526635,1
94520867,1
47413444,0
25694419,1
110124699,1
17001177,0
46064921,0
88910931,1
131511471,1
15420526,0
14407767,0
37833817,0
79012221,1
100709127,1
127604777,1
15014850,0
139470551,1
19754588,0
91869945,1
148182077,1
91077021,1
109440416,1
63760093,1
20297863,1
16353169,1
30687873,0
59108578,0
58157052,1
72239841,1
38026425,1
44662385,1
17761771,1
116812044,1
121909900,1
50921822,0
91095824,1
75503836,1
49193240,1
135864472,1
71263523,1
53606019,0
19389982,0
26704321,1
150933971,1
129569997,1
39717992,1
121917597,1
27744510,0
165382912,1
33300691,1
152671702,1
27328805,0
120944526,1
87846443,1
89825498,1
62304077,1
51731555,1
117653682,1
25215980,0
15168449,1
81400324,1
115997715,1
166358810,1
16317170,1
16843539,0
34749284,1
163342812,1
52015985,1
15914461,0
23741676,0
59517983,0
88643703,0
56039239,1
28060616,0
165112925,1
45513617,0
62209366,1
3148,1
52305632,1
72470677,0
25251420,0
33054403,0
6136562,0
59304258,1
130875267,1
16851087,0
72608836,0
71706947,1
62677289,1
137416732,1
39051892,0
94034492,0
134592612,1
20009640,1
18145563,1
17063231,0
33903487,0
22132732,0
44847067,0
41365780,1
20566013,0
67857494,0
30981612,0
82109165,1
16881576,1
62827816,0
80631844,1
71994801,1
86789531,0
154620446,1
29295302,1
21188256,0
59375513,1
18429486,1
137161566,1
100654150,1
61525944,0
86523856,1
89688671,1
49903005,1
83475715,1
60916765,1
18818095,1
91729026,1
102668050,1
123211230,1
26105653,0
26475553,1
12465192,0
160531060,1
94112808,1
74492288,1
54430288,1
33705455,0
63605742,1
105576103,1
46672818,0
51752237,1
23271214,0
24615919,1
783705,0
81156722,1
101002296,1
46055931,1
55887635,1
62139524,0
118819322,1
28809014,1
26006975,0
124904766,1
91294314,1
79209748,0
49060292,1
53047573,1
23197545,1
35521507,1
51403656,0
18825193,0
49756534,0
24530932,0
92901576,0
15972455,0
139623754,1
75226814,1
8552342,0
6154322,0
58230187,0
93061925,1
40230654,1
148064609,1
29904284,0
23608573,0
17661231,1
8679982,0
109114063,1
23698411,0
65289029,1
48948013,0
22421415,0
148180846,1
36604274,0
94479604,1
130897483,1
102330301,1
105505548,1
48027001,0
66740999,0
54594670,1
154276652,1
38154086,0
23916900,1
14323523,0
79728888,1
32359723,1
100103815,1
44084632,0
29967729,1
5925162,1
106392699,1
44570202,1
100224323,1
56740157,0
88882337,0
11748652,0
59211690,1
94575792,0
32792039,1
21796163,1
68100524,1
121912625,1
128968439,1
115345944,1
50961974,1
31228985,0
86335326,1
71577670,1
145470128,1
166576553,1
20977778,1
31681856,1
75399747,0
125000203,1
127024062,1
60800399,1
28726953,0
66632287,0
16365040,0
37273526,1
158322508,1
97602687,1
36771253,1
15861411,0
62724747,0
79406520,1
80356764,1
156798580,1
68148835,0
49543997,1
130773950,1
77505207,1
112518700,1
154658280,1
15740893,0
68898226,1
29661913,1
77900408,1
117212333,1
85573245,1
25741415,0
18572955,1
117426537,1
163089362,0
141827657,1
50395548,0
20989689,0
90719066,1
45523736,1
27241381,0
63140936,1
83831343,1
88946290,1
6002482,0
48542316,0
26558023,0
80804324,1
87507539,1
81349908,1
66578700,1
116877678,1
87850474,1
57235583,1
143211037,1
45006943,0
27999021,0
60719142,1
125141668,1
105865471,1
20351216,0
19070282,1
19852945,0
21030212,1
49084449,0
105841513,0
87387496,1
78760474,1
34764517,1
70779959,1
65877868,0
139484752,1
121358728,1
96859901,1
16465946,0
107038702,1
67583523,1
27155062,1
140042658,1
84282096,1
19582495,0
148324779,1
161307919,1
98526329,1
15176596,0
144441116,1
127966806,1
128197483,1
46914917,1
108002609,1
70444056,1
134063909,1
68786330,0
66965261,1
72839111,0
24092060,1
21063969,0
15694164,0
79000760,1
141789926,1
119560433,1
128456405,1
19493865,1
104033382,1
66882148,1
99347143,1
17673002,0
78011499,1
49898224,1
24118334,0
16253646,1
150678560,1
66850159,1
18488279,1
129373632,1
96391298,1
17016201,0
42863584,0
124766375,1
82912521,1
83574825,1
108722257,1
14167013,1
18771196,0
55168522,1
48429445,1
20240453,0
62424016,1
139623794,1
49361924,1
106947727,1
62255885,1
15334129,0
14246846,0
112521235,1
118849132,1
87306482,1
84477193,1
33605280,1
61166065,0
103921271,1
75869361,1
96034399,1
113230811,1
16296659,0
103500598,1
90822864,1
47970891,1
57056932,1
129394534,1
135238536,1
27328390,1
104795076,1
91460163,1
100252745,1
49296008,1
112026825,1
83472285,1
110839434,1
59650924,1
101231907,1
29137539,0
91003338,1
84266102,1
26473287,1
94931356,1
58647553,1
119693126,1
114693976,1
47511005,0
83470331,1
89410152,1
48101507,0
51204923,1
46579801,0
43444667,1
102740541,1
69090925,1
104712646,1
61267071,0
41101290,1
22847728,1
76331653,1
121531109,1
14743861,1
24809560,0
71226899,1
162851163,1
18263308,0
81551142,1
17909053,0
16490538,1
103529329,1
106960370,1
85393391,1
18961367,1
25589659,1
81041724,1
21392977,0
139630804,1
30157267,1
113465837,0
55406446,1
56616189,0
9772982,0
67345731,1
88947441,0
164105176,1
82870569,0
102585806,1
78045865,1
99671703,1
18912660,0
76187657,1
111231533,1
27199259,1
123125876,1
15967219,0
61542643,1
15684340,0
3916251,0
109577869,1
120294232,1
55771016,1
20580821,0
98488588,1
19477012,0
62285872,1
62492742,1
83417523,0
146793403,1
81601375,1
55495820,1
72538463,1
59319507,0
111242062,1
22641545,0
134952484,1
14724720,0
92119938,0
83673699,1
90014820,1
42172692,1
118956171,1
131500314,1
155113653,1
45093424,0
169081182,1
118669491,1
50747838,1
14242344,0
67108679,0
41813510,1
27679506,1
95712498,1
63511383,0
2212031,0
132831881,1
170745654,1
66479050,1
102820326,1
46534278,0
70153891,0
33517440,0
23435850,0
79145165,1
144696274,1
101280782,1
16394009,0
79852853,1
74154347,1
87243865,1
59456733,1
115494815,1
25598673,0
20160951,0
101482548,1
34305032,0
8427902,0
101345497,1
78322065,0
15084943,0
73543968,1
71496370,0
21661338,1
34095248,0
18631842,0
30159502,1
129108456,1
118849729,1
28186681,0
80036370,1
49478505,1
24756618,0
32900220,1
70818027,1
32920385,1
33947656,0
100228955,1
135873101,1
82035514,1
91812592,1
42478595,0
58699184,1
99633699,1
29960349,0
144695459,1
18604069,1
69787924,1
90337371,1
60386110,1
39398460,0
163409909,1
26001010,1
18100211,0
28564984,1
26970423,1
139648692,1
19218065,1
75626118,1
14682248,0
70367606,1
123786155,1
79057777,1
101657840,1
2400461,0
70455429,1
105703041,1
28753148,1
76787908,1
19270018,0
97263446,1
103343783,1
91323239,1
15375921,0
42147977,1
141032980,1
142828310,1
50637070,1
51588583,1
18563796,0
50943558,1
71876816,1
70896840,1
28351771,0
34137011,0
27176952,1
36048470,1
136715620,1
15379972,0
69789318,1
30517387,1
13728412,1
19894641,1
143429632,1
54022022,1
28502623,0
70756235,1
87279221,1
120207202,1
100829524,1
159001009,1
126218671,1
54871571,1
72851646,1
90075239,1
83307889,0
42998683,1
56588304,1
4824301,0
100349202,1
101501124,1
100869831,1
58410254,0
41273121,0
19359694,0
139613687,1
69803460,1
6267832,0
40402251,1
53789099,0
80047645,1
27528213,0
75264398,1
96400180,1
14077323,0
91991472,1
64153841,1
110379113,1
155529052,1
98460102,0
88961514,1
138513138,1
16802731,0
34188175,0
96574226,1
129136742,1
169954540,1
40721569,1
43553893,0
8548952,0
94972141,1
146925639,1
44048323,1
98117681,0
91957725,1
86723702,1
92144308,1
118110901,1
108029829,1
23161345,0
71874590,1
16065206,0
55424723,1
17173603,1
46005077,1
52292327,0
22573411,1
20589665,0
102966742,0
134322062,1
66578550,0
88606517,0
81808696,0
27824500,1
50264655,0
122423882,1
109432132,1
51373334,1
104275645,1
121916821,1
78513676,1
160145633,1
128421467,1
24701887,1
51571335,1
138378149,1
148300813,1
25763688,0
45301593,1
144910413,1
5927882,0
24817437,0
130624989,1
59076258,1
33889894,0
15141638,0
19276848,0
146237179,1
129786561,1
22563046,0
132597349,1
18453025,0
19741929,0
73845432,0
59322208,1
94272389,1
108127133,1
87510892,1
113488412,1
78882969,0
17596014,0
162764900,1
80524071,1
15343490,0
97515772,1
42511896,0
71911197,1
116148020,1
102140363,1
30506115,1
66665474,1
26363617,1
29017032,0
70206489,1
78919532,1
49258838,0
65046100,0
23727217,0
21213986,1
123193062,1
157669903,1
54564906,1
46116199,1
101931101,1
83428907,1
17554814,1
132873694,1
16655987,1
32456393,0
88072027,1
25996514,0
128150506,1
107462272,1
37425530,0
115282321,1
64522681,1
68430863,1
101936527,1
115307222,1
131084467,1
106534221,1
70193738,0
103716931,1
19353534,0
19605998,0
125135596,1
128489845,1
88452980,1
60179443,1
50739414,0
18522164,1
25327868,1
45721592,0
60372038,1
58943776,0
25086081,0
105501544,1
87962896,1
107406567,1
10746692,1
111110701,1
104129505,1
15126182,0
30574349,0
74325043,1
149058572,1
137845481,1
138328600,1
159380797,1
81079840,0
19477811,0
30562789,1
53360203,0
131865187,1
35940580,1
19977385,0
121904855,0
67401283,1
80495770,0
106265916,1
46505695,1
98618255,1
19230192,1
138483129,1
58801917,1
54793509,1
124554700,1
88346583,0
74897849,1
111715896,1
150280065,1
36667000,0
50981254,0
21589165,1
109349862,1
44946691,1
160489567,1
39916203,0
141359153,1
12089472,0
88723783,0
148564647,1
7393042,0
60581433,0
152175224,1
6074112,1
14964744,1
91554918,1
139668568,1
46370308,0
11198082,0
112668100,1
54434433,1
120586684,1
91006463,1
43176883,1
24364687,0
15047836,1
150850681,1
154730311,1
90889712,1
15873993,0
49473134,1
38607893,0
81415488,1
15749021,0
148879685,0
116759074,1
46451075,1
42701017,1
130697470,0
37937149,1
114176539,1
16956916,1
97939443,1
16894956,0
15605349,1
87457626,0
129124213,1
71566371,1
17587250,0
20156400,1
82869825,0
110591894,0
17886856,0
123108199,1
81076100,1
18680442,1
6872692,0
113366584,1
104017059,1
76283941,1
26350255,1
45203685,0
89593734,1
110907732,1
29886704,1
45641011,0
26443583,1
16028967,0
53129000,1
62259622,1
157086390,1
24770416,0
76947742,1
123765456,1
77258674,1
69407281,1
43410512,1
71013217,0
103495187,1
91468738,1
153717906,1
38245814,0
91093270,1
21212299,0
118805390,1
19544039,0
67185041,1
93693248,1
22748092,0
116565420,1
87641200,1
78826784,1
105542391,1
87323009,1
15995033,0
26221025,0
14082491,0
51724672,1
20642334,0
24787208,0
58536707,1
121869315,1
151291899,1
16205428,0
90340730,1
19199335,1
17137510,1
44211016,1
74697111,1
94142120,1
107085455,1
135795999,1
44039794,0
152194170,1
58254902,1
22918798,0
89906875,1
158693998,1
21846614,0
58422676,0
45111231,0
128467854,1
27585991,1
22891852,1
32917475,0
71147079,1
116122707,0
48541050,1
23391643,0
121708387,1
21734404,0
5509072,0
46279068,1
18780727,0
70122708,0
70999427,1
89937244,1
103027410,1
73756060,1
36060433,0
17391171,1
95689029,1
17298683,1
42946196,1
160800639,1
17857983,1
160477626,1
21697937,0
30329053,0
115181813,1
21621279,1
26046968,1
116223089,1
68359979,1
66869910,1
100280290,1
83362985,1
17006395,0
43069001,1
50409968,0
111403355,1
63769633,1
84085316,1
29320382,1
89970009,1
115266896,1
137697450,1
58007508,1
111086349,1
123789393,1
53271759,1
20516928,0
105513071,1
77730435,0
77084754,1
58770068,1
126910496,1
136262775,0
151594628,1
48357761,1
19716524,0
17206282,1
40808276,0
55162254,1
49850156,1
35760477,0
17577122,0
102959027,1
85456771,1
19263853,0
40460536,1
15111357,0
106357650,1
43694806,1
15043574,1
47079642,0
140257462,1
109305211,1
85457275,1
100881067,1
156704710,1
82113194,1
21939423,1
61208228,0
96556788,1
131990738,1
77718608,1
102201709,1
90999433,1
24304520,1
162913015,1
56116936,1
103225022,1
100358038,1
107334876,1
71512845,1
71681363,1
81678753,1
33581846,1
21666382,1
164134921,1
57443049,0
64921212,1
124497831,1
86549805,0
49565018,1
146236810,1
95626797,0
47505384,1
100955290,1
138774599,1
39653424,1
19677108,0
60857425,1
120698658,1
162119826,1
153716387,1
56711790,0
140785303,1
104192810,1
32229444,0
51586936,0
138619021,1
59406787,1
113251141,1
17757689,1
30785922,0
90978902,0
53470110,1
105420345,0
163992407,1
18878464,0
91081923,1
57401960,0
114616490,1
61469576,1
78756397,1
14539586,1
54244233,1
3881391,1
105446352,1
41188389,0
71656156,1
19720677,1
33780024,1
9587742,0
23378384,0
42373011,0
98278923,1
59458143,1
138888187,1
26293100,0
53021591,1
15990011,0
25907233,1
32964189,1
107106375,1
66288218,0
127575869,1
53919467,0
164133432,1
18065823,1
24123372,0
67783555,1
60230935,0
20534861,0
102381745,1
50740014,0
84666173,1
66596786,1
25115377,1
121288828,1
16385605,0
34824253,1
20663926,0
47690064,1
17795686,0
52583059,1
67946565,0
163873802,0
149383578,0
120909427,1
38994268,1
73899601,1
153722894,1
17904755,1
37855054,0
26656116,1
28749163,0
21387557,0
47018186,1
18482109,1
125456478,0
38388028,1
10736862,1
43104858,1
130169421,1
58351029,1
86336866,1
76804408,0
127214758,1
38430344,0
158539385,1
139702723,1
63002991,1
65129432,1
107614283,1
43198314,0
106326745,1
116078652,0
15860771,0
153920968,1
17092822,1
64663209,1
79073461,1
91274175,1
84856672,1
21621988,0
33176104,0
16302350,1
103299981,1
45466592,0
101232073,1
100832606,1
105787397,1
61714424,1
56406449,0
163286099,1
80387911,1
25678364,1
784998,0
15208071,0
53544165,1
101046824,1
85056098,0
29906249,1
65157513,1
25169114,0
54456194,1
33795664,1
144700797,1
96256364,1
108307247,1
65014066,0
38521697,0
34893016,1
15332700,0
31538064,0
70603679,0
27712964,0
115244207,1
119620971,1
80801950,0
114568413,1
41638390,1
58219004,1
102928722,1
41253024,0
19333975,0
85975628,1
25777757,0
32370118,1
9650582,1
83856785,1
47493714,0
46944123,1
79297519,1
46257109,0
28008755,0
54441527,1
140046719,1
16361293,0
95455942,1
41216787,0
48374521,1
37477788,1
54837501,1
91366065,1
52164795,0
103516082,1
34434801,1
92686668,1
85411253,1
36843423,0
84335199,0
22113160,1
115920038,1
49559130,0
86062573,1
10589972,0
62409254,0
66891286,1
65013838,1
115914304,1
152691985,1
32902824,1
67448922,1
26414255,0
16799161,1
150409042,1
105702063,1
105594712,1
89929938,1
37425871,0
36934595,1
18677730,0
18233083,0
113045947,1
143554873,1
157911402,1
25341454,1
111876950,1
41528955,0
41834760,1
20861247,1
123907973,1
45078978,0
63475761,1
18293735,1
87405168,1
92733742,0
100793023,1
114329705,0
28313920,0
14391473,1
22952475,1
101634351,1
69364390,0
58223649,1
143462665,1
121489261,1
167319816,1
45705944,1
73589383,0
97054968,1
69593566,1
45191297,1
114523307,1
166457700,1
81303881,1
25473936,1
29151505,1
16012816,1
37316714,1
87761250,1
105354972,1
69346824,0
29428470,0
18065257,0
153824212,1
147188154,1
19576047,0
26931865,1
85067955,1
51655145,1
85190199,1
72119571,1
168014206,1
113247035,1
17896807,0
30383805,0
49318415,1
21609477,0
126871833,1
65972845,1
15171329,0
43238846,0
47594545,0
16458689,0
23185079,1
56487087,1
117895087,1
43790372,1
17623124,1
135252193,1
56202005,1
16426555,0
22136548,0
45139059,1
41715391,1
54525921,1
39010777,1
62141688,1
16419705,1
90982922,1
86515419,0
25296845,0
40002894,0
77702463,1
54325914,1
77027813,1
116922851,1
88439432,1
156066533,1
50771034,0
61013450,1
61988347,1
112786127,1
14087461,1
137517339,1
95590359,0
23790029,0
28475207,0
18527363,0
67478546,0
104079002,1
17473523,0
79775874,1
150381860,1
55873498,1
96573346,1
53610783,1
117193481,1
17728645,0
17553615,1
81233388,1
126430211,1
52117188,1
120473438,1
67941063,1
107011939,1
16736548,0
74182285,1
19753920,1
19059358,1
51104831,1
37245811,0
18563855,1
102218376,1
66228733,1
119033432,1
52786351,1
85497300,0
63405773,0
28518710,0
70410127,1
43450957,1
118378882,1
156713965,1
117887827,1
78251289,0
13323622,0
114921752,1
63599466,1
29790786,1
144700732,1
50640218,1
96045370,1
100201092,1
19544810,1
171237008,1
79366102,0
110732502,1
85155264,1
108363774,0
23572331,0
22651499,1
26763715,0
137421859,1
78642934,1
49596711,1
43192327,1
19695319,1
27591401,0
27939508,1
106062409,1
80406937,1
89500969,1
21109701,0
124587602,1
109077583,1
54450800,1
54803216,1
123125609,1
20607177,0
18832276,0
23500954,0
6864712,0
63187341,1
38669529,1
8078672,0
108713661,1
86622313,1
58764953,1
118953168,1
78288964,1
77927358,0
83858295,0
18933958,0
30352063,0
18956922,0
60025364,1
68165889,1
42306728,0
41508969,0
29222233,0
106098866,1
111777127,1
16936464,1
101041915,1
17397510,0
83357415,1
116040056,1
90611395,1
71476168,1
116002148,1
61956553,1
107154438,1
112411443,1
30636207,1
29500635,1
121454974,1
77615372,0
129268177,1
168258229,0
14240899,1
37206888,0
131105290,1
15211524,0
109350162,1
45256668,0
29844140,0
12930392,1
67245356,1
23686206,0
30451940,0
84111962,0
18333429,0
83741071,1
111420139,1
18263174,0
140055872,1
134586207,1
80028588,0
50732843,1
96676734,1
6836082,0
42873773,1
19273605,0
62571121,1
86584798,1
70094481,0
60638646,1
11351692,0
126103183,1
14161205,0
68551031,1
58386971,0
158689499,1
121915075,1
104193978,1
132150090,1
90615274,1
55834646,0
117264776,1
54433411,1
144958791,1
105730670,1
44230592,0
44781894,1
73754085,1
141498782,1
126556107,1
28372251,1
117012775,1
69827648,0
85885224,1
129141879,1
15591212,0
54834611,1
123253143,1
106192966,1
90756216,0
23545422,1
29861666,1
56861182,0
110016985,1
15288974,0
80624389,1
59938885,1
38687936,1
53404004,0
24648892,0
32237411,0
99032169,1
120442253,1
81496389,0
28923246,0
133031369,1
72148775,1
145785988,1
49765171,1
105447680,1
62911034,1
91309949,0
132751386,1
20020759,0
52923832,1
46506458,0
105067269,1
15644956,1
5531742,0
38356072,0
107021878,1
59218553,1
119427664,1
92202379,1
93643398,1
127264360,1
111504601,1
92019947,1
34771606,0
104087636,1
16162546,0
21055148,1
18620865,1
164983740,1
43379600,1
113252649,1
113235313,1
74915335,1
109379998,1
17148281,1
109738281,1
47395276,0
126102594,1
19515361,1
100869484,1
7490342,0
87846728,1
77386810,1
87064967,1
121773766,1
40562603,1
53559425,1
148125272,1
45932209,1
2728891,0
164134138,1
104050653,1
161614123,1
92003852,1
53449476,1
83187118,1
61151766,0
137595690,1
68456989,0
141491251,1
56317133,1
36513123,0
78820031,1
72037073,1
20591145,1
35619848,0
39740612,0
38258462,0
59874275,1
6960492,0
76259851,1
40874839,0
136768148,1
14635511,1
97429817,1
159976823,1
69983692,0
37628665,1
11294262,1
60370088,0
23599323,0
8568192,0
27231397,1
61230411,1
53047724,0
58103395,1
14466733,0
9263172,0
100323194,1
40911596,1
26342630,0
28267472,0
152679062,1
82808017,1
19297594,0
90779176,1
136616803,1
134464629,1
70207235,1
16907448,0
30706757,1
120238961,1
110748180,1
71291856,1
38455692,0
54795149,0
45741135,1
38194726,0
87359789,0
29240004,0
12986772,0
24903046,0
94423130,1
71424664,1
63644787,1
62891579,1
20933506,1
39297909,1
14094612,0
17673206,0
120968070,0
146607065,1
42727761,0
140039407,1
19776483,0
32257010,0
98855811,1
149418704,1
119060274,1
19165050,1
92724336,0
18971117,1
77439248,1
87398921,1
119295575,1
37453508,1
56030928,0
127216412,1
46082015,1
15793720,0
139615408,1
72000477,1
18730652,0
114791431,1
23469548,0
101232004,1
75220203,1
73645085,1
79129489,1
17341695,1
126439551,1
81314121,1
47978357,1
60873294,1
118485080,1
38004299,0
135978897,1
60019798,1
21253156,1
18833116,1
101402230,1
80796893,1
50885217,1
154818528,1
126793305,1
135604270,1
18104288,1
108514273,1
72705382,1
23173708,1
43114578,0
135470044,1
32825254,1
88552947,1
53888152,0
58430440,1
26186558,1
22783783,0
90995482,1
24788417,1
127215069,1
18852563,1
130462569,1
118473304,1
33998040,1
62017552,1
62754322,0
120031661,1
23690835,0
52145364,0
110854560,0
80918991,1
76355714,1
100271514,1
130198484,0
134934045,1
25783655,1
100237699,1
140305936,1
27487837,0
34786103,1
75611270,0
94001416,1
71851091,0
13461142,0
20114285,1
103563969,1
111440169,0
44441848,1
15661507,0
17746243,1
69301950,1
20124630,1
20005944,0
106024581,1
63823531,1
73542433,1
20042876,0
101627316,1
72060904,1
146588712,1
52251401,1
88868328,1
41385556,0
56453433,1
38802482,1
88928779,1
86973134,0
78534241,0
47472312,1
64015655,1
123339356,1
138490210,1
34270885,1
116103133,1
77100428,1
89936723,0
55625519,1
96710069,1
44150933,1
118632171,1
119451076,1
92604618,1
36667219,1
30089194,1
106192751,1
56343327,0
53039152,1
61211118,1
118511564,1
87270689,1
113722120,1
89427370,0
14247612,0
36372028,1
97147249,1
132152267,1
25614235,1
115520063,1
97175391,1
53019690,1
40979351,0
103292268,1
124729447,1
40109983,1
69103104,1
98561160,0
33750175,0
17484793,0
87229330,1
23975370,0
31778361,1
50973665,1
58898876,1
125849022,1
118559236,1
45557765,0
15461568,0
14102386,0
18920011,0
53656765,1
150475661,1
145550734,1
33169364,0
91804308,1
24465177,0
13067602,0
125747687,1
37285980,1
85016920,1
19642600,1
22522794,0
14423736,0
72106977,1
16064926,0
28501162,0
20420485,1
78012548,0
69800642,1
47289854,0
14669166,0
25240326,0
16223809,1
30266052,0
13372502,0
61593519,0
128459525,1
57191035,1
95265186,1
112028170,0
101667089,1
132632640,1
22333810,0
43792566,0
89808648,1
15342873,0
90489299,1
119649061,1
123355972,1
72886008,0
44046109,1
82458224,1
64263235,1
140059480,1
109767239,1
17116117,1
24377479,1
122525914,1
76976158,1
45288122,0
46966144,1
93423808,1
112412133,1
157453216,1
14442445,0
87433954,1
33878217,1
39360292,1
122915384,1
85697690,1
10438932,0
139428290,1
21910608,1
132498902,1
154903503,1
101695194,1
114854350,1
40008204,1
117489708,1
37883800,0
106978106,1
136837898,1
54650704,1
135057963,1
50048683,0
88028929,0
67284492,1
31213121,0
76583759,0
131863930,1
58751839,1
95505657,1
117865619,1
19723985,1
44379497,0
86087789,0
62998915,1
109047917,1
9637032,0
116571334,1
29057552,0
74814527,1
121410145,1
31450527,0
87203888,1
139698682,1
95256500,1
15765914,0
28855145,1
163295871,1
63951790,0
158065911,1
34387822,1
42537773,1
20862671,0
32761673,1
25928986,0
93121803,1
41799054,0
16211485,0
49892159,1
68318952,1
41340375,1
67876528,1
114798011,1
58538779,1
18145495,1
124110966,1
11879272,0
147658362,1
40952542,1
48412723,0
59555878,1
14426420,0
19442783,0
21139887,0
117799482,1
41796312,0
54574566,0
27800709,0
95334938,1
22333927,1
2714811,0
18624390,1
94321077,1
92801007,1
127048565,1
93608974,1
102303739,1
48633979,0
17602177,0
68051276,1
29996633,1
97340412,1
98798094,1
19795394,1
52031563,0
48175725,0
16616272,1
20500497,1
80758751,1
101966358,1
42603342,0
98520691,1
17633714,1
147757057,1
66524140,1
52285721,1
111440021,1
152038157,1
61997968,1
49668008,0
141150136,1
83297973,1
27194188,1
70261931,1
18634575,1
101219627,1
31035825,1
19355725,0
84292001,0
17394919,0
40075209,1
92633048,1
118898456,0
75058543,0
2149371,0
135321419,1
82012795,1
11908322,0
14320312,0
104629033,1
91998038,1
90541232,1
44420545,0
89837249,1
70976145,1
128489640,1
114182642,1
113428101,1
150488218,1
75623443,0
124902722,1
154569377,1
83793461,0
124644638,1
37831545,1
44847665,1
140274178,1
145991167,1
59085490,1
19431312,1
34785586,1
72812010,1
87448140,1
28802157,0
110589928,1
49552710,1
84849712,1
107111984,1
87732216,0
90271487,1
60351229,1
144695409,1
135845743,1
24954880,1
116567310,1
104455591,1
36058782,0
25012626,1
91684943,1
67533998,1
92246396,1
124364971,1
101174411,0
25734210,0
121353692,0
17294281,1
20922440,1
47971436,0
5045711,1
50047083,1
87770347,1
84231389,0
85368482,0
129518185,1
61633093,1
93568140,1
16513931,1
91388271,1
25331474,0
173404110,1
15471824,0
92556642,1
138755157,1
34423506,0
136996286,1
44357224,0
76608755,1
86804070,1
111714739,1
42506644,1
28688341,0
74957582,1
79334152,1
84996555,0
86080650,0
58381434,1
34978897,0
89914927,1
111142638,1
86936137,1
63725641,0
48734655,1
90753091,1
15746670,0
150801038,1
34221668,1
71037463,1
62051095,1
90375119,1
100888767,1
89866197,0
97440835,1
57221101,0
14861073,0
55878997,1
17984238,0
99475415,1
37202013,1
15687499,0
90678825,1
26302066,0
67637145,1
78548971,1
82945765,1
39691437,0
84422031,1
21641611,0
68865434,0
60596853,0
70225887,1
135096056,1
37843327,1
49012609,1
110857451,1
58258305,0
21408687,1
48211618,1
154926858,1
157702987,1
78732339,0
140060094,1
34528928,0
154558170,1
62163736,0
132519274,1
101660714,1
147591376,1
14493747,0
54574781,1
22195515,0
79851621,1
72792020,1
37948629,1
78848602,1
155936472,1
105130479,1
63607526,1
60347950,1
118139273,1
149693470,1
59348601,0
45861721,1
66174306,0
139210377,1
66691421,1
78935634,1
97438569,1
82205450,1
109180367,1
77466697,0
8257322,0
42415677,1
32433942,0
14598181,0
111743593,1
25053811,0
48899684,0
149326628,1
103556861,1
16130986,1
65648120,0
114216297,1
80661005,1
124898700,0
38187809,1
71897042,0
5439702,0
86606481,1
109032437,1
19714129,1
65950149,1
21356017,1
67173544,1
16551967,1
78520450,1
96766749,1
119658721,1
74808650,1
33145922,0
100819268,1
63114213,1
132636918,1
55714455,1
70696859,1
153198281,1
16026125,1
83129873,1
150790507,1
22648830,1
116687062,0
18589989,0
111723769,1
110562131,1
121337735,1
144410562,1
19035181,0
130198064,1
9655972,0
50378733,1
164214317,1
16279601,0
30197513,1
165162561,1
67216455,1
100197431,1
27052051,1
56398217,1
18279632,0
102757063,1
48978191,1
20380514,1
139429481,1
32613737,0
20761174,0
31402469,0
152861427,1
93832784,1
27207743,1
17709499,1
90195657,1
111178081,1
74416719,1
45661869,1
58665828,1
85503848,1
44026199,0
127787467,1
33181156,0
129720400,1
15965464,1
72341477,1
17519222,0
83039452,1
146302950,1
6367262,0
63851432,1
42027282,0
100225054,1
144826077,1
27306033,1
26716841,0
24693439,0
96278324,1
134568017,1
126805983,1
11337512,0
103378925,1
23357335,0
16379865,1
54266789,1
88576601,1
36678942,0
14593356,0
113987220,0
23389628,0
27512366,1
145525413,1
57054499,1
97665024,1
136478027,1
111538868,1
50483429,1
74987736,1
139703010,1
102527269,1
88859559,1
38013791,0
25666730,0
6696762,0
104186521,1
74490932,0
35163808,0
43065412,1
91418132,1
16600616,0
19961837,1
66441191,1
159867182,1
89206245,1
113779850,1
109967370,1
15646896,1
65654921,0
40822026,1
110725568,1
106202645,1
128855459,1
15837597,1
34848758,1
123218538,1
18005837,1
101249385,1
120254154,1
38764376,1
136346596,1
111390800,1
62558417,1
30733254,1
96796923,1
135407598,1
51840944,1
112575682,1
70093286,1
31564255,1
12289502,0
28531111,0
88089155,1
60424743,0
57344036,1
11712392,1
71592423,1
44156799,0
109516267,1
98130266,1
62306390,1
17831945,0
20387221,0
76940449,0
26661387,1
15449798,1
114060897,1
87157025,1
26546234,0
33812415,1
114171938,0
89315307,1
155367352,1
21301643,0
46897331,1
34892486,0
18072399,0
157247920,1
101993157,1
98629821,1
93962951,1
39906485,1
159123519,1
34495112,0
78307561,1
96096293,1
37081305,0
85250241,1
141871365,1
47691015,1
42393815,0
89821544,1
118618523,1
138850727,1
21739255,0
43670037,1
103859443,1
810011,1
78848002,1
97895985,1
10096782,0
100178652,1
86550232,1
101230580,1
101218158,1
15366321,1
85569799,1
72897574,1
63998444,1
31378115,1
143981403,1
83620316,0
24974756,1
146644926,1
115698950,1
69430837,0
44906618,0
118140764,1
20172781,0
48226554,0
142087609,1
38109868,1
33041941,0
37960454,0
90906138,1
64323797,1
67689179,1
121790790,1
29642630,0
109987117,1
58081051,1
122865563,1
98640584,1
113259461,1
27146614,1
46792518,1
26704826,0
128402401,1
89411687,1
62267550,1
45954782,0
65719224,1
80013416,1
21414800,0
81456584,1
96517812,1
93464751,1
93622378,1
72482595,0
58282139,0
122726187,1
22269057,1
142876648,1
79358316,1
112882490,1
105498099,1
81162423,1
34847136,0
790949,1
87820227,1
107202839,1
66919825,1
52796888,0
91552247,1
37874957,1
30910873,1
85885263,1
18663742,1
69504600,1
67110967,1
82130140,0
59522105,1
35409107,1
154330886,1
108833206,1
133080360,1
113720278,1
102477093,1
76664243,0
101015168,1
28126216,0
62971383,1
84473921,1
86306100,1
27085167,1
33823837,0
46439428,1
81270720,1
107157486,1
18233979,0
39580299,1
45087313,0
53167957,1
32330603,0
118769224,1
81061507,1
7721172,0
52795199,0
98167980,1
22054297,1
10108682,0
68429672,1
21993699,1
67601089,1
46072516,0
15826071,0
147698665,1
17509195,0
121895685,1
109425542,1
83588106,1
89886696,0
21708005,0
81714071,1
53217211,1
54825725,1
162914053,1
157502229,1
25603754,1
77764279,0
68164805,1
28634544,0
107036727,1
89397453,0
55020470,1
101139655,1
104523880,1
138824285,1
36888427,0
117948446,1
91507216,0
115810498,1
19689846,1
103891423,1
62502791,1
35369899,1
108298239,1
101459028,1
77830493,0
78900051,1
65815349,0
162913204,1
29044287,1
98710106,1
26291010,1
127723047,1
58242701,1
72005800,1
19936673,0
107366979,1
149671451,1
86519129,1
21742538,1
45083385,0
108176216,1
110592489,1
165713298,1
71346802,1
35512388,1
6194832,0
36920469,0
148601958,1
110960645,1
77230707,1
125057479,1
60523374,1
93521598,1
107312128,1
6393752,0
120611198,1
31585231,1
23715077,0
19056107,0
115756526,0
26535398,1
75108835,1
84571160,1
154417916,1
34082706,0
5729002,0
105086449,1
34939123,0
16737706,0
16439605,0
36381453,0
20888994,1
19686959,1
62039986,0
140052464,1
25107436,0
28805053,0
151484523,1
106743560,1
19583097,0
40455109,0
145703783,1
7024522,1
54711048,1
59835740,0
28757314,1
130425523,1
42918167,0
26882379,1
100223078,1
16411890,0
17307342,0
20840272,0
103628214,1
37864504,0
40349180,1
35357046,0
138973502,1
27933062,0
61564678,1
41974634,1
18021112,1
73180597,1
118784199,1
103784941,1
80460221,1
19609117,0
110727546,1
35975529,1
96683293,1
89837780,0
99191362,1
86010264,1
74997696,1
63362755,0
83463279,1
108013414,1
15776366,1
160353815,1
67388629,0
65776572,1
67987813,1
102299816,1
90058071,1
110906160,1
9346172,1
17312741,1
25858688,1
14753050,0
74995461,1
43007573,0
89204820,0
121411052,1
70459392,0
86966246,1
136728383,1
65702116,1
32931922,1
92830609,1
49497726,0
49713466,1
50343481,1
90577978,1
51220940,1
20515286,0
76397042,1
59987901,1
171719922,1
106711971,1
84553090,1
25373578,1
108324831,1
30315153,1
9502542,1
43397270,1
54729983,1
60068827,0
128877451,1
68611490,1
38647338,1
112747107,1
114992915,1
108318559,1
7449912,0
83375190,1
98562549,1
42639178,1
43633693,1
15673280,0
13601052,1
30452432,1
20579141,0
56310683,1
142826849,1
14263004,1
15576453,0
26941051,1
72786626,1
148133984,1
76097539,0
84331765,1
55374353,0
28445106,0
137554306,1
108008673,1
45146797,0
163152634,1
44361815,1
46499804,1
70209062,1
83786161,1
16287778,0
90088395,0
105845406,1
21797476,1
134749294,1
102776139,1
111668717,0
57202266,1
18012168,0
41334004,0
55338862,0
164011139,0
47570706,0
78847848,0
41886418,0
15791454,1
62541341,1
101729444,1
149173814,1
33688658,1
51058422,1
21950069,0
157378286,1
45082635,1
70183589,0
112240922,1
113018655,1
18504032,1
10910512,0
35880500,0
35594412,1
65007254,1
93126114,1
132108473,1
123589465,1
70695164,1
49872776,1
150805174,1
72590102,0
38059521,0
15721639,0
98186344,1
113542339,1
41348335,1
101080164,1
78898089,1
31472249,1
13898062,0
45978969,0
13446302,1
15094369,0
63056904,1
86840209,0
67225526,0
101680458,1
74036384,1
70709591,1
56623989,1
54105958,1
113763510,1
21811553,0
16125042,0
66978744,1
117918667,1
80131768,1
91586619,1
102263046,1
101985053,1
128558292,1
70996477,1
36753575,1
40329633,1
52746698,1
17394554,1
123115216,1
116700447,1
86301014,1
66092768,1
91769560,1
80224646,1
144696119,1
17786923,0
4122211,0
142159675,1
166386623,1
19284812,0
44177991,1
26241431,0
70860545,1
100012004,1
40708241,1
53900215,0
43880851,1
78776222,1
40135174,0
143827915,1
58295518,0
59339406,1
66912021,1
33362842,1
40011015,0
100117609,1
67993520,1
43244424,0
46937091,1
23132175,0
14349500,0
109111652,1
78100988,1
84198789,0
38369939,1
144699878,1
15218911,0
17007893,0
160902004,1
24857401,1
86881788,1
78571362,1
45548571,1
81238348,1
54610266,1
95959873,1
101356000,1
119447715,1
79197962,0
129787691,1
55409587,0
31417701,1
27694492,0
78964652,1
127225937,1
15356467,0
34643350,0
83554753,1
153177566,1
126706647,1
67406237,1
49684658,1
64079268,0
144698260,1
15211439,0
6195422,0
62052428,1
17844954,0
40946229,1
30198344,0
102363656,1
23058512,0
66826095,0
72801228,0
35402027,0
101623058,1
151987172,1
84237415,1
22550755,0
31379784,1
50952836,1
52659548,1
28601570,0
72878043,1
54758508,0
43063880,1
46541651,1
34970944,0
24013900,0
74104343,1
75932375,1
97962005,1
25387471,0
146789459,1
121895569,1
14331826,0
45580345,1
100391280,1
86189072,1
70566402,1
35705306,0
33740087,0
103216633,1
106334269,1
59947300,1
43120355,0
118533922,1
32487796,1
86389637,1
84404190,1
138153193,1
42609272,1
165220217,1
112435161,1
46581400,0
73659087,1
97671615,1
30390200,1
148981864,0
102694031,1
40442763,0
70813214,1
56749391,1
22137570,1
141755168,1
142302471,1
23995990,0
89869970,1
18149773,0
30356388,1
91087688,1
113019663,1
67574624,0
15736656,0
122378844,1
24311549,0
88996502,1
85462732,1
74380646,1
83974921,1
90810313,1
101641772,1
52907194,0
56739289,1
128830455,1
82751599,0
101232558,1
105761201,1
92800833,1
36853390,1
86311866,1
22839501,0
166776259,1
44963097,1
76000513,1
16071522,0
21723878,1
68930436,0
76578219,0
21412438,1
81474696,1
67618096,1
48634723,0
42007494,0
27723647,1
90038651,0
16881232,1
124110268,1
92447011,1
45230114,1
78862880,1
140043477,1
42423931,1
89727330,1
103228567,1
37578521,0
27843710,0
57882215,1
84525351,0
18590111,1
119987276,1
109332178,1
73717099,1
63660431,0
61573575,1
81863201,1
137624130,1
151635336,1
104816756,1
17080605,1
47659334,0
76216093,1
11379672,0
172166784,1
116975427,1
52312918,1
126609256,1
169281436,1
8548752,0
70638472,0
65135986,1
14095473,1
118996550,0
90067288,1
83865497,1
17790274,0
56858065,1
18856366,0
69128151,0
36828523,0
144029084,1
46499681,0
123380667,1
157230389,1
134609719,1
7103212,0
140046199,1
8608232,0
66432211,0
40340919,0
9982862,0
121705041,1
15950681,0
67244200,1
18318314,1
54339568,0
60183328,1
36212473,0
57917441,0
107252685,1
33367895,1
4089361,0
101434647,1
44503678,1
129021807,1
52661455,1
19042940,0
14976350,0
94650601,1
155285903,1
70973597,1
156574854,0
71688349,1
31041991,1
126152273,1
121009958,0
33839098,0
21457317,0
131447249,1
140289942,1
17706655,0
102253285,1
91003360,1
47382696,1
60940957,1
94750402,0
25811377,0
81707034,0
89960301,1
146277052,1
143000483,1
128196822,1
18147061,0
154127930,1
15282037,0
15771225,1
115257656,1
127721397,1
81264200,1
139437164,1
102957809,1
16794789,1
58885535,0
49348256,1
19181549,1
99831099,1
36294287,1
66405157,1
57496909,1
22345073,1
89946772,1
48051985,0
69640333,0
170267096,1
32138716,0
78932739,1
22715867,1
57649116,1
50231939,0
77247815,1
52432989,0
16327814,0
64314215,1
43611312,0
88832901,1
56994686,0
112714929,1
28451775,0
128046922,1
113487449,1
79731168,1
1925191,0
25606519,0
108854685,1
109458108,1
112279996,1
89282609,1
78815448,1
16347252,1
24472591,0
87662678,1
33989798,0
55725219,0
24145636,1
118288269,1
44081874,1
77259376,1
124429927,1
125508887,1
19482153,1
20577049,0
55419661,0
62440447,1
112101137,1
127107859,1
132939504,1
101390506,1
33484206,0
25426808,1
112203854,1
